node,community_infomap
Barjuden,0
AutoModerator,0
TacitRonin20,0
SnooRobots281,0
Appropriate_Type6153,0
PhunkOperator,0
Schmarmin,0
spacecadet0226,0
Stoner420Eren,0
KingFedede,0
Cyndaquil12521,0
Old-Refrigerator5228,0
LeviAckermanDS,0
margonxp,0
dandiecandra,0
No-Mushroom8667,0
syamborghini,0
ilkat06,0
oskuuu,0
Briamei,0
turner-lake13,0
DOOMFOOL,0
PsychoSaladSong,0
Memo544,0
Sir_Toaster_9330,0
Problem_Practical,0
LamyT10,0
rayallen73,0
TequilaToothpick,0
FozzyBear1998,0
ShinigamiKunai,0
InternationalHost346,0
rickgotmytongue,0
Randomamigo,0
Emotional_Aerie3342,0
100percentair,0
Okapi05,0
Mango424,0
Lopsided_Ad_6981,0
I-already-redd-it-,0
Iewoose,0
BUckENbooz91,0
No-Past-4379,0
Rarzhn,0
Ensianto,10
Shattered_Sans,0
ILoveFrenchLadies,0
Usual_Court_8859,0
ProudTheory5520,0
Life_Is_A_Mistry,7
Grumogus,7
Human-Independent999,7
Yezzy24,7
amaryllisblackthorn,7
Ok_Sleep2400,7
Laundromat-Graveyard,7
ZachTheBomb,7
AnimeMemeMaker,7
Responsible_Big_5490,7
Bluetoadster,7
GelicaSchuylerr,7
lllucell,7
ItzMeAFK,7
Lilymoon2653,7
megasean3000,7
SunnyyPrincess,7
Ron_Bird,7
MaCoxLong99,7
ultimatespark,7
Able_Career_2939,7
mothforlife,7
Qprah,7
Omega-291,7
elbor23,7
Outrageous_Pirate206,7
Tar_Telcontar,7
ODST_Parker,7
iProblematique,7
TwinTwinReviewReview,7
Khal_Andy90,7
_Dengika_,7
Thedomuccelli,7
totoropoko,7
Yeled_creature,7
Fred_Thielmann,7
Sykobean,7
Kyuzo-,7
Daliah_Sweet,7
OsaBlue,7
Wild-Mushroom2404,7
UzernameUnknown,7
ParticularOccupied34,10
cyainanotherlifebro,7
jakkakos,7
Ashconwell7,7
femboysever,7
Crystal_Voiden,7
SpaceHairLady,7
eetobaggadix,7
itsh1231,7
coopek14,7
whalemix,7
Dangle76,7
Call_me_Dan-,7
OoOLILAH,7
pokemontrainer29,7
Yeezus_Fuckin_Christ,7
PartyAdventurous765,7
BiddyKing,7
BanishedKnightOleg,7
Tatakae_011,7
LockAndKey989,7
contrarytothemass,7
MisplacedxLightbulb,4
Lysandres,4
hansalvato,4
commander_wong,4
Sary-Sary,4
ComputerOk6247,4
Big_Daymo,4
Pretend-Background43,4
EmuGroundbreaking857,4
kimbolll,4
devildogmillman,4
Leather-Climate3438,4
Bluelantern9,4
Striking_War,4
kawaiisamurai69,4
jsrant,4
Full_Plate_9391,4
Impressive-Ad8370,4
Kuwangerman,4
Cinder_Fall01,4
LardHop,4
Old_Yeezus,4
azmarteal,4
NightKing_shouldawon,4
Only_Adhesiveness517,4
bbbryce987,4
Fluffy_Procedure2135,4
Drakob-Hitsimari,4
invaderdavos,4
amcbain17,4
Zoldrik190,4
yomnot,4
AstralothZ,4
AnimeJunki3,4
MoneyAgent4616,4
madcritter,4
Rharyx,4
treehann,4
Reddithereafter,4
Imconfusedithink,4
NightShadow2001,4
Kiltmanenator,4
HunzSenpai,4
Vyberos,4
PenguinSenpaiGod,4
Lumpy_Slip8111,4
BucktacularBardlock,4
New-Monarchy,4
random1211312,1
Steiner-Gate,4
DrHandBanana,4
WedMuffin123,4
BigBambuMeekLou,4
Ceaer_Reddit,4
zbox2345,4
KookyAssociate3825,4
Opposite-Constant329,4
36Gig,4
KittiesOnAcid,4
M1x1ma,4
Background_Ant7129,1
Complex37,4
TingoMedia,4
MayweatherSr,4
DaRandomRhino,4
jagault2011,4
Abhinav6singg,1
C-204,4
AmirHKhan,4
TheLastTitan77,4
Dinkulshlops,3
ErenMert21,4
IWillFlakeOnOurPlans,4
goonyen,4
Beta_Whisperer,4
synnoreen,4
name-exe_failed,4
binybeke,4
CeramicDrip,4
The_Dark_Sapphire1,4
DJ_Chally_Chal,4
kagantamello,2
Worzon,4
Expensive_Curve_358,4
djdossia,4
aineri,7
onlyavailablename2,7
CR4ZYxPOT4T0,7
TheUsrTheUsr,11
Kuirage,11
Pleasant_Ad5360,11
gb2750,11
GeekYuv,11
ofplayers,11
succuboobies,11
minxnight,11
freehippygal,11
laviverse,11
MiloDoes,0
redeclipse619,11
Sorstalas,11
HyperHector_55,0
fear_no_man25,11
FreljordsWrath,0
nofinbuttfaccs,0
A-B-101,0
throwawayoogaloorga2,0
m0rgz,0
hopeitwillgetbetter,0
popgreens,0
mitsukiii_29,0
nimbvcx_,0
Strict_Speed818,0
HeadTeaching5119,0
momipoopedmybed,0
wall-e200,0
EggoTheSquirrel,0
samuelfelix,11
naters246,7
LeftySwordsman01,7
ArLOgpro,7
Goatfellon,7
OvershotMedusa,7
alsn,7
Aaxxa,7
bademeister404,7
Over_Resist4232,7
koychkoych,7
daoreto,7
Special-Investigator,7
Pooninkle,11
Fine_Appearance_3619,11
Sir-Toaster-,11
CommandAsleep1886,11
k_oed,11
loadedhunter3003,11
Normal_Aspect_6332,11
-Plaper-,11
BronzePaladin,4
ComfortableTomato149,4
DeliciousBumblebee67,4
MasterRPG79,4
Front-Water2559,4
Theri_owAway,4
timee_bot,0
dangilbert98,0
itsref,0
ChiweenieDog2009,0
DragonEra_,0
Familiar_Sugar_3736,0
Gabriel_66,0
TurdGolem,0
SIade,0
illumantimess,0
demon969,0
Heavy_Comedian_2382,0
Expensive-Slip-1308,0
TheFerg714,0
jeffmendezz98,0
F0urlokazo,0
MattyLlama,2
AffectionateRush2620,2
LordDarthVader777,2
noshitwatson,2
Divy4m_,2
Human293,2
Many-Refrigerator941,2
Ok-Neighborhood-1958,2
ecrass12,2
Yeomanticore,2
goltaku555,2
Fafnir13,2
all-knowing-unicorn,2
otakos147,2
Feegoist,2
Wide_Astronomer4403,2
shii7u,2
WildAd8962,2
CrowAccomplished6995,2
FauxColors2180,2
CityAura,2
Redericpontx,2
abellapa,2
CJSM-935,2
VictorVonDoomer,2
ripndipp,2
solomon-reigns,2
ElmightyRip,2
GregaciousTien,2
elizabella710,2
a-new-begining,2
silverfaustx,2
xyZora,2
Ok-Rate6189,2
dmiller8605,2
Ghostbartender,2
wolfenx109,2
RunPsychological9891,2
VastoBorde,2
IceFisherP26,2
soggywaffle421,2
MrRocket81,2
uNecKl,2
Frytura_,2
Professional-Pin5125,2
Livid-Truck8558,2
Cosmic_TentaclePorn,2
Shady_Mania,2
SendInRandom,2
jamesmerrick3,2
Glad-Ad-9928,2
DarkFox160,2
hinfort,2
CandidateOld1900,2
CallistoGamer,2
travel-mint,2
ArachnidJealous8537,2
Sunshine_dmg,2
EcllipSenpai,2
Nerdcuddles,2
Freddie040,2
Raznuk_Venger42699,2
LVNAR3xp,2
AirSpecial,2
AssumptionPitiful263,2
tcarter1102,2
Empty_Oil3421,2
ShiftAdventurous4680,2
faskahaska,2
EmmaNielsen,2
LJK20203631,2
Kedi01,2
JDe__,2
Forward-Hearing-7837,2
oklad90,2
mr_roost3r,2
Top-Witness8253,2
renatoxsferes,2
VampireSlayed,2
FabulousPractice9703,2
KaizokuD,2
jacobjayr,2
xmac,2
Fun_Bottle_5308,2
realoneakash,2
milkyway_lali,2
ScarletEyed,2
TNCNguy,2
Full_Cod_1790,2
Consistent-Soup-5093,2
Giovolt,2
Antix1224,2
MentosMonkee,2
solidpeyo,2
valleysape,2
MonsterStunter,2
mrclean543211,2
Heavy_Can8746,2
Gydeus,2
Clear-Document-8877,2
LoneWolfRHV,2
daojuniorr,2
Bionicleenjoyer12,2
Crucenolambda,2
DirtNo4303,2
BassistAceGirl,2
snowfloeckchen,2
Unknown_persona67,2
SidTheSloth97,2
Cortana_CH,2
jotapee90,2
iareslice,2
gesumejjet,2
kuzdwq,2
grimjowjagurjack,2
Uchizaki,2
chaddiffer8,2
Soft_Letterhead9222,2
Radio__Star,2
kenjitaimu69,2
AutisticAndre,2
BDM937np,2
BeeLegitimate4968,2
AstoundingAsh,2
itJust-Me-and-Myself,2
LloydG7,2
Able_Revolution9977,2
unban_interaction,2
retro_Kadvil4,2
PessimistYanker792,2
Mission-Fox537,2
SteveFrench12,2
AbstractMirror,2
acupofcoffeeplease,2
LSOreli,2
kinggoosey,2
yeahitsblack,2
Archers__World,2
troublrTRC,2
Traditional_Buy_8420,2
Flabberghast97,2
nmpbones,2
Willing-Welcome-6159,2
iPuffOnCrabs,2
Aioi,2
MeMyselfIAndTheRest,2
alessio_______,2
NJLaw420,2
SeeThruSmoke,2
SheWolfWarrior5306,8
Gustavo_Cruz_291,8
ItsNoblesse,8
Independent-Couple87,8
Nate-Pierce,8
UnyunMunyun,10
fisch-boi,10
TheCartTitan,10
DickWriter69,10
Draigyn,7
twelvelaborshercules,7
Luccaslol,1
Loco_Logic,1
Kriesley,1
sashablausspringer,1
mdnght94,4
shinobi_4739,5
Shani_Jeizan,5
forevericeland,0
DrJankTWD,0
j4ckbauer,0
Buffalonian4,0
PuddiB,0
A-Delonix-Regia,0
IMCONFUSXD,8
Much_Egg_8696,0
TenPackChadSkywalker,0
Hange11037,0
TheErenFanNumbah1,0
yaldafigov,0
Braveheart132,0
Actual_Principle5004,0
Thisshouldnttake2hrs,0
dominikgun,0
Jun-Rei-22,0
ShlongHijacker,0
SwegBucket,0
MagorTuga,0
Almadis,0
JohnTequilaWoo,0
advidgelan,0
Wrong_Look,1
ill_have_2_number_9s,0
Creative_Ravenclaw,0
Pixxcal,0
XenoGamer27,0
sgtp1,0
SonicTheOtter,0
Getindarobotshinji,0
TicketFew9183,0
RZH2Apologist,0
GamerBradasaurus,0
AquilesJaeger,0
giseii,0
Strawhat-Shawty,0
Born-Free-8991,0
Lobsters4Dinner,0
yezanyaCookies,0
Bee-Bag,0
VividCold1603,0
FreythrRej,0
After64,0
AliMans05,0
Leather-Chicken7699,0
Tortellium,0
Background_Mail_9967,0
BIshaps,0
AccomplishedCash6390,0
SpookedShrek,0
Venator1203,0
Shenzi6,8
Snoo_58305,8
PsychoKiza,8
Zeldro,8
AdilKhan226,3
Plus-Log-9179,3
ErenKruger711,3
LBL147,11
GanjARAM,3
AscendedViking7,3
Constant-Taro-2098,3
MindMaster115,3
Due-Bench-9447,3
EnchantedDestroyer,3
charz185,3
FlatPotential6112,3
Flaky_Slice8932,3
StandardBrilliant89,3
Ammar-is-not-weird,3
Equivalent-Mine5562,3
BusAffectionate3588,3
Cottrello,3
WraithTTV69,3
vfb_fanboi,3
Espressoonice4570,3
TheGreatOwl_,3
NuuuDaBeast,3
tsarking69,3
Graceful_Light,3
Mikeytown19,3
FinnReddit1204,3
RelevantBag2995,3
itsnicomars,3
Agreeable-Bison-3080,3
Julian-Hoffer,3
Glad-Concert8268,3
show_NO_FEAR21,3
LiaSpecter,3
townsforever,3
INS4N3S0CK5,3
ToxicKaizer,3
Beneficial-Initial56,3
BlueDragonWave,3
Onni_J,3
ValhallaKombi,3
yahya-13,3
Malerococo,3
PrivateTidePods,3
WutaOgoatsu261,3
SteamyRayVaughan7,3
DASreddituser,3
Croft7,3
Beautiful-Ad2485,3
Hubbardia,3
n_o__o_n_e,11
Haarunen,11
AuthenticWeeb,2
Various_Necessary_45,3
-1-1-1-1-1-1,3
Androssi709,11
Mr_Master_Mustard,11
alPassion,3
BookishAdvil,3
HamsterFromAbove_079,3
K_2Smooth,1
suppadelicious,1
Diavolo__,4
Transpatials,0
Montyy233,0
kennytm,0
raceraot,0
ahmetinhiyari,0
Optimal_Bit_5600,0
Longjumping_Major984,0
Reception-Livid,0
obamaslastname08,0
luceafaruI,10
Womblue,10
Psychological-Air205,3
VColyness,3
sketchy_marcus,3
TCubedGaming,1
ValooEldin,1
SunnyArcad3,1
RAiD_-,1
Imperium_Dragon,1
spyder616,1
Condemnedthroat,1
pizzalover89,1
DieBlaueOrange,1
Additional_Road_9031,1
The-Mandalorian,1
ibettercomeon,1
IlonggoProgrammer,1
GymLeaderIono,1
jamaicanboiii,1
Tagliarini295,1
Thoor21,1
lifeasketch,1
Kekulaaa,1
Loois_Angel,1
Eggs-n-Jakey,1
InterviewOk2446,1
imnottherealjohn,1
devilthedankdawg,1
EmptyV01D,1
Keretor,1
twisthisdick96,1
Brando003,1
CampoVlong,1
Sunshine_7777,1
Nuggetmilk51,1
JJO0205,1
Flat_Sheepherder_836,1
mydataisrekt101,1
SufficientWhile5450,1
Thick-dk-boi,1
Octallion,1
alynch910,1
TFYBneed_therapy,1
gammalabsgamer,1
IzanaghiOkami,1
idontcarerightnowok,1
Reiss_Draws,1
Impossible-Joke2867,1
RickyAA,1
6orangeshoeboxes,1
okaryothucrelicanli,1
idkyet1223,1
dj4daybc,1
GhandisLastMeal,1
Undiscasy,1
Dramatic_Smile4842,1
AnimaBallZ,1
prsfx1,1
radilee21,1
forevermoneyrich,10
andrusbaun,1
TheNinja01,1
Voronoi_Diagram,1
Avawinry,1
callmefreak,1
MrSplash30,1
its_Preshh,1
blue_psyOP777,1
Its_Helios,1
oiramx5,1
ShiningLeafeon,1
Speech_Serious,1
latinagirl02,1
darkeningsoul,1
bikpizza,1
zacmario66,1
Zephrias,1
Bcat591,1
someonesgranpa,1
Freshzboy10016702,1
Key-Reason-9033,1
Fat-thor1234,1
SaudiUP,1
AllHopeGoneBaby,1
skampini269,1
Abnormals_Comic,1
ResistingSphere,1
throwaway77993344,1
Emotional-Exchange54,1
Sidnificus,1
its_easybro,1
joemama128292,1
DangerousBob2,1
D4NNYYCOLL3R,1
Andley17,1
Zylphhh,1
DK0P,1
Snobu65,1
johncena_u_cant_see,1
lostcircussmuggler,1
TaishouGun,1
JammJamm2310,1
lolNIKmine,1
MichaelAftonXFireWal,5
tezashmishra23,1
Reddykid24,1
Dillboy14,1
kerrydinosaur,1
Botronic_Reddit,1
MidlightStar,1
Iusuallywearglasses,1
ClockaFX,1
Keshan345,1
ASMArtist,1
DoubleResearcher,1
Adamlabu,1
HentaiLord69420360,1
Kroos-Kontroller,1
statormaker,1
Snoo-40635,1
Voltagebone,1
runesdude,1
Vegan_Digital_Artist,1
Arsyn786,1
Winged_Hussar43,1
Mast3rBait3rPro,1
shaafu_8,1
Kiram_OW,1
dailydefence,1
Pandasinmybasement,10
Ah_Un,1
TheScrawlsOnTheWalls,1
Remy-Kun,1
Wonderful_Tomato_992,1
Stehr93,1
Caffoy,1
Consistent_Address_3,1
Fiilaaja,1
iwearshoes21,1
pedr09m,1
CoolJoshido,1
winql,1
lordlossxp,1
lunatic_paranoia,1
Vacation_Jonathan,1
Rogue6104,1
Zevallos9,1
YoYoStockWinner,1
GuardianGuts,1
Cole-y-wolly,1
Dyegreenluke,1
Kaigamer,1
tiredparakeet,1
Negative_Crab24,1
mikassweeps,1
ZipperMan555,1
Jamzhaha,1
thisguyslmao,1
That1one1dude1,1
SaharshMe109,1
KisukesBankai,1
Chipprik,0
DueSinger769,0
Sacyro,1
CamomilleGirl,1
InverseBirch84,1
The_Legendary_Shrimp,1
f0kes,1
alphabet_order_bot,1
DaLordOfDarkness,10
getpoopedon,10
midnightking,10
Ok_Square_2479,10
Big-smacker,1
Grape_person,1
gazeintotheiris,1
Conqueringrule,5
Ok_Celebration9304,5
Purple-Lamprey,9
theeshyguy,9
TheDankestPassions,3
0liverLemon,3
Gaesus,3
Sinesjoe,3
AtmoranSupremecist,3
erdal94,3
GanondorfDownAir,3
GoatLord8,3
ninjapants24601,3
kenspik,3
TokugawaShigeShige,3
Regirex,3
skullmonster602,3
PM-ME-YOUR-1ST-BORN,3
Nice_Active8187,3
TheCrowWhisperer3004,3
M_raenow,3
InfluentialInvestor,0
TheUglyBarnaclee,3
IWishIWasGreenBruh,3
Bulky_Secretary_6603,3
lieconamee,3
One_Subject3157,3
OmegaBoi420,3
Hon3ynuts,3
rebillihp,3
LightThatIgnitesAll,3
Redragon9,3
yuriscousinligma,3
blukwolf,3
grinberB,3
Janostar213,3
Arcaneus_Umbra,3
Kingpinpo13,3
SoyEgg,3
ToasterGuy566,3
LoreMasterJack,3
Historical_Blip_0505,3
BaronParnassus,3
knds71,3
aaharbi,3
1KingCam,3
Anal-Logical,3
quacklikeaduck-quack,3
T3J1R10,3
Cobra178_,3
Current_Assistance78,3
Curious_1_2_3,3
Lilog371,3
Sotarnicus,0
Yoav077,0
Lynchead,0
RedHotRevolvers,3
Exylatron,3
hoitytoity-12,3
occupiedbrain69,3
randomizer_in_end,3
VickyMax3,3
Golden_space_grass,3
NueWorld4All,3
novdu,5
SeaCombination3439,5
Imogensheep91,5
Senzo__,5
Justinx931,5
chaboidaboni,5
meth1212,5
rggamerYT,5
Traditional_Lie_6400,5
Humble_Let1735,5
Si7koos,5
sleepysoliloquy,5
Godi22kam,5
Famous_Review5187,5
everyday_lurker,5
CarlRogeBih,5
A000891657,5
littlekurousagi,5
Wardog_Razgriz30,5
I_eat_souls_666,5
Wendys_frys,5
Bayro1997,5
Main-Double,5
ThomasCro,5
Remote-Currency-3381,5
Bastian_987,5
Several-Necessary-70,5
Sweet-Stable4044,5
Cosbycomedy,5
Only-Camp6725,5
Surebutnotreally,5
Corrupt_Angel01,5
kek_Pyro,5
metalslug123,5
Foraaikouu,5
KingDennis2,5
jackinwol,5
NationalSea9072,5
nostrangerstlove,5
Mountain_Anxiety_492,5
WonderfulTraining357,5
darkgamer_nw,5
corona_chan_take_me,5
ABuddhistMelomaniac,5
medievalknight12,6
BladerJoe-,5
arnav1311,5
SAS-Andy,5
shrekman68,5
riuminkd,5
ChunkyMonkey559,5
RenaudBlais2,6
Xehanz,6
Light_HolyPaladin,6
ClarityInMadness,6
ThePreciseClimber,6
AOEHopeChad,6
Agitated-Trash-7801,6
TheRedKitsune,6
PermissionHot8396,6
teddyperkin,6
Atrenu,6
Haise01,6
shining-moon,6
ElKonyo,6
Utahraptor505,6
ZealousidealBus9271,6
RabbitTank0418,6
matt_619,6
br1nsk,6
Deserteagle7,6
Good-Cash2177,6
feo_san,6
griffith--,6
Fapping_Hope_Returns,6
MasterColemanTrebor,6
ItalianIrredentist,6
-Boobs_,6
BagOFdonuts7,6
Hefty_Shift_9777,6
Legitimate_Catch_283,6
MadOrange64,6
Diotheungreat,6
MasterOfReaIity,6
46h4y,6
kyspeter,6
GlamourzZ,6
SuperSilveryo,6
PLAARFSupporter,6
Weekly-District259,6
isthisanameiwonder,6
PaleFollowing8752,6
SkyfatherTribe,6
blooddragonsin,6
Butefluko,6
RaspberryNo307,6
PortoGuy18,6
Arcanelance,6
softandwet9427,6
ThisAccDontMatter,6
tylerokay,6
galatea_brunhild,6
No_Contract_3266,6
Sp4tenkeks,6
JuishJackhammer,6
swegling,6
Vitaly-unofficial,6
Inevitable-Benefit79,6
Raidoton,6
ledelius,6
Furkota,6
mg10pp,6
M0thM0uth,6
beyondbirthday261,6
tannsafina100,6
kaiju_and_kyojin,6
hatefulone851,6
lokotrono,6
knie20,6
raidriar889,6
AssassinOfFate,6
offoy,6
MMX_Unforgiven,0
Hilarial,5
Exalted21,5
Spades-44,5
Gears_Of_None,5
ExploringSouls,6
BamilleKidanZ,6
Snigeltakt,6
Wilczek_7,6
shaqkage,6
1095212dinomike,6
majeboy145,6
cybertoothe,6
jayvancealot,6
Large_Contribution20,6
CelticWaifu96,6
SHAGGYOop,6
Nobody5464,6
RKODDP,6
ToastPlusNine,6
McMahonAssKisser,6
Pika-Star,6
shoaib_32123,6
Majestic-End-1615,6
RaccoonDogzz,6
Bhunru,8
pixel_139,8
WolfPl0x,8
Memelee__,8
bisholdrick,8
sherlyswife,9
sweetreverie,9
Euphoric-Emphasis242,9
arkthearkitect,8
AdrianStars2,0
Ill_Gold33,0
new_interest_here,0
Jerry98x,0
matrixagent69420,0
SwimmingRun4147,0
PaNmAnreeeeee,0
PhilospohicalZ0mb1e,0
Sir_Crocodile3,0
AppleSauceYESS,0
Troit_66,0
drogondeg,0
Sir_Toaster_,0
Predator3-5,0
ToothpickTequila,4
BioLizard18,0
EarBusy4212,0
whyvernhoard,0
Solid_staring_png,0
Puzzleheaded_Lack_71,0
Steiner-Titor,6
Balor_Lynx,9
Dependent_Lab8918,10
Cridesio32,10
Punished_Venom_Nemo,9
Remember0KP,9
AutobotMegatron,0
dadsuki2,0
DeathslingerCordobes,5
C4923,5
NorthernSkagosi,5
llckme,5
tonormicrophone1,5
noobjaish,5
Sasukuto,5
Illustrious-Fan5927,5
Fast-Awareness-4570,5
im_nob0dy,5
Ididntwannacreateit,5
StorageCorrect3005,5
Spaghestis,5
Fantasy_Witch333,5
SINBRO,5
Late_Check_4562,5
IronJackk,5
AirMassive5414,5
everstillghost,5
seohbackwards,5
Relevant-Rub2816,8
penton47,8
InevitableAd2166,8
calculatingaffection,8
Interaction_Narrow,8
ThatSicklyPup,8
TheImperfectGamer,8
Aldersin,8
uiblkcqt,8
PokemonRNG,8
internetsarbiter,8
nagibaThor228,8
galxybrain,8
Soggafloppacopter,8
Anatol_F,8
Still_Acanthisitta52,8
Liittleedraagoon,8
alucidexit,8
fluffy-muffins1,8
kpSucksAtReddit,8
evilvy,8
shintjee,8
Kwopp,8
wanofan900,8
czareson_csn,8
ChronX4,8
ASnarkyHero,1
Animelover310,8
Elbanuel,8
Flimsy_Passenger_855,8
Muffinsforu,8
Saya_Brzenska,1
Lost_in_oblivion_,9
Spenrable,5
AgentApollo,5
Wannabeartist9974,5
Jumbernaut,5
LaughingDash,5
Daemon1997,6
cpu9,9
JP93XZ,9
Younes_Reddler,9
axolocelot,9
MurderShark,9
Squat_n_stuff,9
Rickinster,9
Jengasa,9
xdanxlei,9
Myskilldoodoo,9
DonteTheExterminador,9
krysert,9
Makinami244,9
the_real_DNAer,9
Erninusho,9
blacksnake1234,9
BruhNeymar69,9
TheOfficialGilgamesh,9
CROWEDOME,9
Cocainepapi0210,9
hibois24,9
Ok_Debt3442,9
Clapppz,9
-thechosen-1,9
Anonymus_Thoughts,9
WrathAndRancor,9
Gacel_,9
Comfortable_Cream777,9
NoobPrince3,9
SightedSe7en,9
rundrueckigeraffe,9
the_foreseer_19,9
WoahBased,9
Wolf-Cop,9
Holy-Wan_Kenobi,9
Cold-Horror-6108,9
Capital-Worker898,9
Warforged_87,9
Necessary-Candle7070,9
JosephSaber945,9
FuckedUp-J,9
RandallBates,9
omaewakusuyaro,9
MastodonDirect1720,9
thealiensarejealous,9
Glittering_Pitch7648,6
StockingRules,6
Sidewinder83,0
sharethebear1,10
Nxwxs18,10
TarekBoy44,0
DarkRose27,0
muskian,0
SubarC00kie,0
NIssanZaxima,0
Anything_189,0
dale-is-trash,0
Yoav088,0
Tekki777,0
AdConfident9579,0
OKUIGokuBlack,0
Beneficial-Park-1208,0
lilscorpx,0
tbu987,0
Kelenkel,0
Proper-Original-6092,0
spiderknight616,0
Infernolight,0
Kauuma,0
TheUltimateKaren,0
Portgas_D_Ace_,0
Alaszrar,0
requiem785,0
Nokia_00,0
Pure-sus,9
madsadchadglad,10
Anonymous__Explorer,0
YuuTheBlue,0
EdVedPJ7,0
Ok-Jackfruit8916,0
lakers_nation24,0
Sebox_,0
Altruistic_Pie_3936,0
porkycloset,0
Valaura-,0
Elucidator_IV,0
Depressedlizardon,0
J0shfour,0
MellTro,0
rospoo66,0
nightsky_cxiv,0
IndieHamster,0
RecentWolverine5799,0
hisnameis_ERENYEAGER,0
LSAT343,0
Thebiggestbird23,0
tyrannostrike,0
Marshal749,0
Cornucopia_King,0
KKTheGamerr,0
Chiharu_TheOtaku,0
Lalalandou,0
Thanos_your_daddy,0
Educational-Wafer112,0
explosiveboat999,0
blue_balled_bruiser,0
Sussyimposter14,0
canxtanwe,0
longshanks7,0
GojiKiryu17,0
SejCurdieSej,0
JonViiBritannia,0
Regular_Spray,0
Soul_Stack,5
Successful-Jello2207,5
Warm-Bison2006,5
Major_Equivalent_966,5
Least-Occasion-5295,5
OSMOrca,5
chug_splash219,0
AbsolutePCGamer,0
Zartron81,0
WhatYouSayin1,0
Net_Flux,0
GrayCatbird7,0
kiirraa97,0
AidanWithAnA122,0
ForumsDwelling,11
sp1ke__,11
8aash,0
Captainfire14,0
CYCLOPSCORE,3
Miserable_Pen_5109,3
DAZW_Doc,3
CartographerMurky306,3
_conner08,3
Kiskeym2,3
GLNK1,10
Glaucus8,10
AdImpossible6194,0
Warm_starlight,0
rezzsna,0
TheZynec,0
FolzkZoy,0
IM_ElectraHeart,0
Sapphocfem,0
8The_Storm8,0
HINorth33,0
Iyedings,0
mala_r1der,0
Euphina,0
Lazy-Ad7107,0
Parking-Train-2115,0
chungus_amungus_sus,0
HYDRAGONIGHT,0
matrixboy122,0
Feeling_Bat_1320,0
Individual-Peak-3483,0
KennyKillsKenjaku,0
Subject-Elephant-927,0
Gods_Lonely_dude,0
palenke27,0
kaskhet,0
WhiteWolfRose,0
theylikeek,0
xxTPMBTI,0
festeziooo,0
music-addict1,0
Same_University8345,0
RoIsDepressed,0
Early_Moose6871,0
WishboneLegal9904,0
therumbler303,0
Break-Agitated,0
eveningdragon,0
_Thunderlol_,0
Mundane-Job0520,0
SquidDoesStuff,0
ad14g,0
RegularLeather4786,0
Flochthegoat23,0
Pristine-Gate-6895,0
readonlyreadonly,0
AloisEa,8
EaseAppropriate694,8
SpaciumBlue,8
Chimkimnuggets,8
DraconicZombie,8
AdviceNo4960,8
todorokikunn,8
Possible-Humor-2125,8
Defiant-Ad2876,8
Evangelion217,8
sgtbigpapi69,8
Few_Bookkeeper_9201,8
Adam9130,8
kalil_judi,8
This_Ad2438,8
Frequent-Elk-2010,0
Far_Philosopher_4596,8
Ambassador-Cool,8
Dunglebungus,8
KeiKurono94,8
criosovereign,0
FooBarBro,0
IsNot_You,0
Responsible_Manner74,0
LegoAlexguy124,0
LopsidedTie7949,4
Plasmatiic,4
heartlessimmunity,4
vegange,4
MercuryRusing,4
condog209,4
glossyplane245,4
Fireeaterin,4
_-Rainbow-_,4
eastern_voredore,0
huysolo,0
barsope,0
ItsaMeAWaluigiSikeNo,0
jupleDump,0
Visual-Exchange3222,0
LawrenStewart,0
BomanSteel,0
MisterGusto,0
buh88,0
KiRA_Fp5,0
detrusormuscle,0
Sensitive_Brick_8872,0
ImNotJosephJoestar,0
SnuffPuppet,0
MikasaStirling,0
The_Black_Hart,0
IronArcher68,0
Frosty_Arrival_2676,0
Temporary_Run2904,0
Hmmm099,0
Endless_Warlock,0
anniewinter_,0
Sevatar___,0
No-Principle-4299,0
Lamsyy_05,0
AlphaCockGigaNuts,0
BurningBlazeBoy,0
RapescoStapler,0
donanon3,0
farmerchad18,0
MangKanorLord,0
LineOfInquiry,3
Prometheus188,3
Sonik_Phan,3
Boxthetv,0
TardTohr,0
awesomenash,0
younes1008,0
Ok_Cryptographer3810,0
Silver-Somewhere-537,0
NuScorpi,0
Willing-Vast1256,0
CarbonBasedLifeForm6,3
CHOMAMAHOT,3
Paclone,3
throwawayhelp32414,3
NeznerolG,3
Just_Collar_1743,3
Turbulent_Creme_1489,3
RemoveINC,3
R7-Snake,3
Omarian02,3
3000Anderl,10
Icametoseethemonkey,0
Dylicious64,0
IllustriousPlastic90,0
johan-leebert-,0
endersul,0
bradd_91,0
burningexeter,0
Ok-Paramedic7013,0
deuteronomio_,10
stavborch,10
Denam007,10
FredoSantan0,10
Nova_TF,10
umidaoftears,0
dumbest_thotticus,0
THECURRlYMAN,0
20thFriend,0
Indian_Aniverse,0
phoebemocha,0
TheInevitablePigeon,0
ElJ_pizzatime,0
walartjaegers,0
Cygus_Lorman,0
